{
	"id" : 250,
	"url" : "http://www.tvmaze.com/shows/250/person-of-pinterest",
	"name" : "Person of Pinterest",
	"type" : "Scripted",
	"language" : "English",
	"genres" : [
		"Drama",
		"Action",
		"Crime"
	],
	"status" : "Ended",
	"runtime" : 60,
	"premiered" : "2011-09-22",
	"officialSite" : "http://www.cbs.com/shows/person_of_pinterest/",
	"schedule" : {
		"time" : "22:00",
		"days" : [
			"Tuesday"
		]
	},
	"rating" : {
		"average" : 9
	},
	"weight" : 96,
	"network" : {
		"id" : 2,
		"name" : "CBS",
		"country" : {
			"name" : "United States",
			"code" : "US",
			"timezone" : "America/New_York"
		}
	},
	"webChannel" : null,
	"externals" : {
		"tvrage" : 28376,
		"thetvdb" : 248742,
		"imdb" : "tt1839578"
	},
	"image" : {
		"medium" : "http://static.tvmaze.com/uploads/images/medium_portrait/163/407679.jpg",
		"original" : "http://static.tvmaze.com/uploads/images/original_untouched/163/407679.jpg"
	},
	"summary" : "<p>You are being watched. The government has a secret system, a machine that spies on you every hour of every day. I know because I built it. I designed the Machine to detect acts of terror but it sees everything. Violent crimes involving ordinary people. People like you. Crimes the government considered \"irrelevant\". They wouldn't act so I decided I would. But I needed a partner. Someone with the skills to intervene. Hunted by the authorities, we work in secret. You'll never find us. But victim or perpetrator, if your number is up, we'll find you.</p>",
	"updated" : 1535507028,
	"_links" : {
		"self" : {
			"href" : "http://api.tvmaze.com/shows/2"
		},
		"previousepisode" : {
			"href" : "http://api.tvmaze.com/episodes/659372"
		}
	}
}