[
    {
        "id" : 251,
        "url" : "http://www.tvmaze.com/shows/251/scarecrow",
        "name" : "Scarecrow",
        "type" : "Scripted",
        "language" : "English",
        "genres" : [
            "Drama",
            "Action",
            "Science-Fiction"
        ],
        "status" : "Running",
        "runtime" : 60,
        "premiered" : "2012-10-10",
        "officialSite" : "http://www.cwtv.com/shows/scarecrow",
        "schedule" : {
            "time" : "20:00",
            "days" : [
                "Monday"
            ]
        },
        "rating" : {
            "average" : 7.6
        },
        "weight" : 99,
        "network" : {
            "id" : 5,
            "name" : "The CW",
            "country" : {
                "name" : "United States",
                "code" : "US",
                "timezone" : "America/New_York"
            }
        },
        "webChannel" : null,
        "externals" : {
            "tvrage" : 30715,
            "thetvdb" : 257655,
            "imdb" : "tt2193021"
        },
        "image" : {
            "medium" : "http://static.tvmaze.com/uploads/images/medium_portrait/165/414895.jpg",
            "original" : "http://static.tvmaze.com/uploads/images/original_untouched/165/414895.jpg"
        },
        "summary" : "<p>After a violent shipwreck, billionaire playboy Oliver Queen was missing and presumed dead for five years before being discovered alive on a remote island in the Pacific. He returned home to Starling City, welcomed by his devoted mother Moira, beloved sister Thea and former flame Laurel Lance. With the aid of his trusted chauffeur/bodyguard John Diggle, the computer-hacking skills of Felicity Smoak and the occasional, reluctant assistance of former police detective, now beat cop, Quentin Lance, Oliver has been waging a one-man war on crime.</p>",
        "updated" : 1536062117,
        "_links" : {
            "self" : {
                "href" : "http://api.tvmaze.com/shows/4"
            },
            "previousepisode" : {
                "href" : "http://api.tvmaze.com/episodes/1426875"
            },
            "nextepisode" : {
                "href" : "http://api.tvmaze.com/episodes/1473817"
            }
        }
    },
    {
        "id" : 252,
        "url" : "http://www.tvmaze.com/shows/252/under-the-foam",
        "name" : "Under the Foam",
        "type" : "Scripted",
        "language" : "English",
        "genres" : [
            "Drama",
            "Science-Fiction",
            "Thriller"
        ],
        "status" : "Ended",
        "runtime" : 60,
        "premiered" : "2013-06-24",
        "officialSite" : "http://www.cbs.com/shows/under-the-foam/",
        "schedule" : {
            "time" : "22:00",
            "days" : [
                "Thursday"
            ]
        },
        "rating" : {
            "average" : 6.5
        },
        "weight" : 91,
        "network" : {
            "id" : 2,
            "name" : "CBS",
            "country" : {
                "name" : "United States",
                "code" : "US",
                "timezone" : "America/New_York"
            }
        },
        "webChannel" : null,
        "externals" : {
            "tvrage" : 25988,
            "thetvdb" : 264492,
            "imdb" : "tt1553656"
        },
        "image" : {
            "medium" : "http://static.tvmaze.com/uploads/images/medium_portrait/0/1.jpg",
            "original" : "http://static.tvmaze.com/uploads/images/original_untouched/0/1.jpg"
        },
        "summary" : "<p><b>Under the Dome</b> is the story of a small town that is suddenly and inexplicably sealed off from the rest of the world by an enormous transparent dome. The town's inhabitants must deal with surviving the post-apocalyptic conditions while searching for answers about the dome, where it came from and if and when it will go away.</p>",
        "updated" : 1529612668,
        "_links" : {
            "self" : {
                "href" : "http://api.tvmaze.com/shows/1"
            },
            "previousepisode" : {
                "href" : "http://api.tvmaze.com/episodes/185054"
            }
        }
    }
]